Date;Open;High;Low;Close;Adj Close;Volume;
2/01/2018;2.433.000;2.480.000;2.425.000;;2.465.000;0;
3/01/2018;2.451.000;2.465.000;2.440.000;2.447.000;2.447.000;0;
4/01/2018;2.473.000;2.487.000;2.449.000;2.453.000;2.453.000;0;
5/01/2018;null;null;null;2.453.000;2.476.000;null;0
8/01/2018;2.471.000;2.489.000;2.462.000;2.480.000;2.480.000;0;
9/01/2018;2.491.000;2.546.000;2.489.000;2.546.000;2.546.000;0;
10/01/2018;2.584.000;2.595.000;2.550.000;2.550.000;2.550.000;0;
11/01/2018;2.564.000;2.570.000;2.526.000;2.531.000;2.531.000;0;
12/01/2018;2.548.000;2.594.000;2.546.000;2.552.000;2.552.000;0;
16/01/2018;2.539.000;2.563.000;2.526.000;2.544.000;2.544.000;0;
17/01/2018;2.561.000;2.581.000;2.541.000;2.578.000;2.578.000;0;
18/01/2018;2.613.000;2.620.000;2.598.000;2.611.000;2.611.000;0;
19/01/2018;2.626.000;2.646.000;2.613.000;2.637.000;2.637.000;0;
22/01/2018;2.658.000;2.665.000;2.632.000;2.665.000;2.665.000;0;
23/01/2018;2.628.000;2.639.000;2.611.000;2.624.000;2.624.000;0;
24/01/2018;2.652.000;2.663.000;2.634.000;2.654.000;2.654.000;0;
25/01/2018;2.637.000;2.676.000;2.619.000;2.621.000;2.621.000;0;
26/01/2018;2.636.000;2.673.000;2.630.000;2.662.000;2.662.000;0;
29/01/2018;2.720.000;2.725.000;2.694.000;2.699.000;2.699.000;0;
30/01/2018;2.711.000;2.733.000;2.701.000;2.726.000;2.726.000;0;
31/01/2018;2.713.000;2.754.000;2.698.000;2.720.000;2.720.000;0;
1/02/2018;2.743.000;2.776.000;2.722.000;2.773.000;2.773.000;0;
2/02/2018;2.786.000;2.854.000;2.786.000;2.854.000;2.854.000;0;
5/02/2018;2.834.000;2.862.000;2.794.000;2.794.000;2.794.000;0;
6/02/2018;2.738.000;2.787.000;2.736.000;2.768.000;2.768.000;0;
7/02/2018;2.787.000;2.851.000;2.772.000;2.844.000;2.844.000;0;
8/02/2018;2.857.000;2.884.000;2.808.000;2.851.000;2.851.000;0;
9/02/2018;2.831.000;2.862.000;2.788.000;2.829.000;2.829.000;0;
12/02/2018;2.882.000;2.882.000;2.828.000;2.857.000;2.857.000;0;
13/02/2018;2.844.000;2.853.000;2.835.000;2.840.000;2.840.000;0;
14/02/2018;2.819.000;2.913.000;2.817.000;2.913.000;2.913.000;0;
15/02/2018;2.917.000;2.926.000;2.882.000;2.891.000;2.891.000;0;
16/02/2018;2.877.000;2.888.000;2.850.000;2.877.000;2.877.000;0;
20/02/2018;2.902.000;2.915.000;2.890.000;2.893.000;2.893.000;0;
21/02/2018;2.884.000;2.943.000;2.877.000;2.943.000;2.943.000;0;
22/02/2018;2.921.000;2.928.000;2.904.000;2.917.000;2.917.000;0;
23/02/2018;2.884.000;2.893.000;2.862.000;2.871.000;2.871.000;0;
26/02/2018;2.841.000;2.862.000;2.831.000;2.859.000;2.859.000;0;
27/02/2018;2.870.000;2.925.000;2.850.000;2.908.000;2.908.000;0;
28/02/2018;2.881.000;2.897.000;2.868.000;2.868.000;2.868.000;0;
1/03/2018;2.831.000;2.868.000;2.795.000;2.804.000;2.804.000;0;
2/03/2018;2.817.000;2.870.000;2.817.000;2.857.000;2.857.000;0;
5/03/2018;2.842.000;2.895.000;2.830.000;2.881.000;2.881.000;0;
6/03/2018;2.894.000;2.897.000;2.857.000;2.877.000;2.877.000;0;
7/03/2018;2.864.000;2.883.000;2.850.000;2.883.000;2.883.000;0;
8/03/2018;2.885.000;2.888.000;2.848.000;2.866.000;2.866.000;0;
9/03/2018;2.875.000;2.914.000;2.870.000;2.894.000;2.894.000;0;
12/03/2018;2.899.000;2.901.000;2.870.000;2.870.000;2.870.000;0;
13/03/2018;2.866.000;2.872.000;2.830.000;2.848.000;2.848.000;0;
14/03/2018;2.850.000;2.857.000;2.801.000;2.817.000;2.817.000;0;
15/03/2018;2.813.000;2.835.000;2.808.000;2.826.000;2.826.000;0;
16/03/2018;2.823.000;2.859.000;2.823.000;2.848.000;2.848.000;0;
19/03/2018;2.874.000;2.879.000;2.834.000;2.845.000;2.845.000;0;
20/03/2018;2.870.000;2.889.000;2.870.000;2.879.000;2.879.000;0;
21/03/2018;2.903.000;2.936.000;2.870.000;2.907.000;2.907.000;0;
22/03/2018;2.850.000;2.850.000;2.799.000;2.832.000;2.832.000;0;
23/03/2018;2.845.000;2.852.000;2.825.000;2.830.000;2.830.000;0;
26/03/2018;2.854.000;2.854.000;2.819.000;2.843.000;2.843.000;0;
27/03/2018;2.841.000;2.841.000;2.786.000;2.786.000;2.786.000;0;
28/03/2018;2.772.000;2.790.000;2.744.000;2.775.000;2.775.000;0;
29/03/2018;2.768.000;2.775.000;2.739.000;2.741.000;2.741.000;0;
2/04/2018;2.763.000;2.774.000;2.717.000;2.732.000;2.732.000;0;
3/04/2018;2.759.000;2.784.000;2.753.000;2.784.000;2.784.000;0;
4/04/2018;2.757.000;2.795.000;2.748.000;2.788.000;2.788.000;0;
5/04/2018;2.817.000;2.834.000;2.814.000;2.832.000;2.832.000;0;
6/04/2018;2.819.000;2.819.000;2.774.000;2.775.000;2.775.000;0;
9/04/2018;2.790.000;2.812.000;2.786.000;2.786.000;2.786.000;0;
10/04/2018;2.799.000;2.812.000;2.784.000;2.797.000;2.797.000;0;
11/04/2018;2.777.000;2.797.000;2.755.000;2.790.000;2.790.000;0;
12/04/2018;2.792.000;2.838.000;2.792.000;2.834.000;2.834.000;0;
13/04/2018;2.838.000;2.849.000;2.818.000;2.829.000;2.829.000;0;
16/04/2018;2.864.000;2.865.000;2.830.000;2.832.000;2.832.000;0;
17/04/2018;2.838.000;2.841.000;2.814.000;2.814.000;2.814.000;0;
18/04/2018;2.840.000;2.867.000;2.832.000;2.867.000;2.867.000;0;
19/04/2018;2.893.000;2.934.000;2.893.000;2.914.000;2.914.000;0;
20/04/2018;2.917.000;2.953.000;2.916.000;2.951.000;2.951.000;0;
23/04/2018;2.975.000;2.990.000;2.964.000;2.973.000;2.973.000;0;
24/04/2018;2.975.000;3.003.000;2.975.000;2.983.000;2.983.000;0;
25/04/2018;3.032.000;3.035.000;3.007.000;3.024.000;3.024.000;0;
26/04/2018;2.990.000;3.003.000;2.981.000;2.990.000;2.990.000;0;
27/04/2018;2.968.000;2.983.000;2.955.000;2.957.000;2.957.000;0;
30/04/2018;2.955.000;2.959.000;2.935.000;2.936.000;2.936.000;0;
1/05/2018;2.966.000;2.979.000;2.963.000;2.976.000;2.976.000;0;
2/05/2018;2.987.000;2.989.000;2.957.000;2.964.000;2.964.000;0;
3/05/2018;2.942.000;2.953.000;2.927.000;2.946.000;2.946.000;0;
4/05/2018;2.933.000;2.965.000;2.911.000;2.944.000;2.944.000;0;
7/05/2018;2.953.000;2.959.000;2.946.000;2.950.000;2.950.000;0;
8/05/2018;2.955.000;2.987.000;2.955.000;2.969.000;2.969.000;0;
9/05/2018;3.002.000;3.010.000;2.993.000;3.004.000;3.004.000;0;
10/05/2018;2.981.000;2.982.000;2.951.000;2.971.000;2.971.000;0;
11/05/2018;2.962.000;2.982.000;2.955.000;2.971.000;2.971.000;0;
14/05/2018;2.997.000;2.997.000;2.986.000;2.995.000;2.995.000;0;
15/05/2018;3.026.000;3.095.000;3.023.000;3.080.000;3.080.000;0;
16/05/2018;3.061.000;3.095.000;3.058.000;3.095.000;3.095.000;0;
17/05/2018;3.106.000;3.115.000;3.093.000;3.109.000;3.109.000;0;
18/05/2018;3.104.000;3.106.000;3.065.000;3.067.000;3.067.000;0;
21/05/2018;3.076.000;3.078.000;3.058.000;3.065.000;3.065.000;0;
22/05/2018;3.074.000;3.078.000;3.058.000;3.065.000;3.065.000;0;
23/05/2018;3.008.000;3.028.000;3.003.000;3.003.000;3.003.000;0;
24/05/2018;2.994.000;2.995.000;2.955.000;2.981.000;2.981.000;0;
25/05/2018;2.951.000;2.951.000;2.922.000;2.931.000;2.931.000;0;
29/05/2018;2.879.000;2.891.000;2.759.000;2.768.000;2.768.000;0;
30/05/2018;2.866.000;2.866.000;2.821.000;2.842.000;2.842.000;0;
31/05/2018;2.866.000;2.870.000;2.822.000;2.822.000;2.822.000;0;
1/06/2018;2.900.000;2.924.000;2.880.000;2.895.000;2.895.000;0;
4/06/2018;2.911.000;2.941.000;2.902.000;2.937.000;2.937.000;0;
5/06/2018;2.911.000;2.931.000;2.900.000;2.919.000;2.919.000;0;
6/06/2018;2.955.000;2.981.000;2.948.000;2.975.000;2.975.000;0;
7/06/2018;2.990.000;2.992.000;2.884.000;2.933.000;2.933.000;0;
8/06/2018;2.924.000;2.942.000;2.921.000;2.937.000;2.937.000;0;
11/06/2018;2.963.000;2.970.000;2.952.000;2.957.000;2.957.000;0;
12/06/2018;2.970.000;2.981.000;2.957.000;2.957.000;2.957.000;0;
13/06/2018;2.957.000;3.009.000;2.950.000;2.977.000;2.977.000;0;
14/06/2018;2.939.000;2.965.000;2.928.000;2.946.000;2.946.000;0;
15/06/2018;2.926.000;2.930.000;2.889.000;2.924.000;2.924.000;0;
18/06/2018;2.902.000;2.933.000;2.902.000;2.926.000;2.926.000;0;
19/06/2018;2.884.000;2.895.000;2.868.000;2.893.000;2.893.000;0;
20/06/2018;2.900.000;2.930.000;2.884.000;2.928.000;2.928.000;0;
21/06/2018;2.926.000;2.926.000;2.891.000;2.897.000;2.897.000;0;
22/06/2018;2.913.000;2.928.000;2.897.000;2.900.000;2.900.000;0;
25/06/2018;2.882.000;2.897.000;2.866.000;2.875.000;2.875.000;0;
26/06/2018;2.869.000;2.891.000;2.866.000;2.880.000;2.880.000;0;
27/06/2018;2.866.000;2.866.000;2.826.000;2.827.000;2.827.000;0;
28/06/2018;2.826.000;2.853.000;2.824.000;2.847.000;2.847.000;0;
29/06/2018;2.851.000;2.853.000;2.833.000;2.849.000;2.849.000;0;
2/07/2018;2.829.000;2.871.000;2.829.000;2.866.000;2.866.000;0;
3/07/2018;null;null;null;2.866.000;2.829.000;null;
5/07/2018;2.858.000;2.862.000;2.820.000;2.840.000;2.840.000;0;
6/07/2018;2.829.000;2.836.000;2.811.000;2.831.000;2.831.000;0;
9/07/2018;2.862.000;2.862.000;2.849.000;2.860.000;2.860.000;0;
10/07/2018;2.867.000;2.875.000;2.858.000;2.873.000;2.873.000;0;
11/07/2018;2.844.000;2.866.000;2.838.000;2.842.000;2.842.000;0;
12/07/2018;2.864.000;2.871.000;2.845.000;2.853.000;2.853.000;0;null
13/07/2018;2.844.000;2.845.000;2.827.000;2.831.000;2.831.000;0;
16/07/2018;2.858.000;2.877.000;2.855.000;2.858.000;2.858.000;0;
17/07/2018;2.851.000;2.867.000;2.847.000;2.864.000;2.864.000;0;
18/07/2018;2.851.000;2.875.000;2.847.000;2.875.000;2.875.000;0;
19/07/2018;2.882.000;2.889.000;2.834.000;2.847.000;2.847.000;0;
20/07/2018;2.855.000;2.897.000;2.847.000;2.895.000;2.895.000;0;
23/07/2018;2.888.000;2.965.000;2.888.000;2.965.000;2.965.000;0;
24/07/2018;2.958.000;2.973.000;2.947.000;2.949.000;2.949.000;0;
25/07/2018;2.939.000;2.949.000;2.928.000;2.936.000;2.936.000;0;
26/07/2018;2.967.000;2.976.000;2.947.000;2.975.000;2.975.000;0;
27/07/2018;2.978.000;2.988.000;2.951.000;2.960.000;2.960.000;0;
30/07/2018;2.986.000;2.990.000;2.964.000;2.975.000;2.975.000;0;
31/07/2018;2.954.000;2.969.000;2.945.000;2.964.000;2.964.000;0;
1/08/2018;2.992.000;3.016.000;2.986.000;3.003.000;3.003.000;0;
2/08/2018;2.984.000;3.003.000;2.980.000;2.986.000;2.986.000;0;
3/08/2018;2.979.000;2.984.000;2.951.000;2.953.000;2.953.000;0;
6/08/2018;2.960.000;2.960.000;2.925.000;2.938.000;2.938.000;0;
7/08/2018;2.954.000;2.977.000;2.954.000;2.973.000;2.973.000;0;
8/08/2018;2.977.000;2.986.000;2.958.000;2.971.000;2.971.000;0;
9/08/2018;2.953.000;2.953.000;2.929.000;2.935.000;2.935.000;0;
10/08/2018;2.890.000;2.893.000;2.853.000;2.857.000;2.857.000;0;
13/08/2018;2.864.000;2.890.000;2.862.000;2.877.000;2.877.000;0;
14/08/2018;2.893.000;2.895.000;2.877.000;2.895.000;2.895.000;0;
15/08/2018;2.870.000;2.875.000;2.837.000;2.852.000;2.852.000;0;
16/08/2018;2.873.000;2.893.000;2.859.000;2.871.000;2.871.000;0;
17/08/2018;2.859.000;2.877.000;2.846.000;2.873.000;2.873.000;0;
20/08/2018;2.853.000;2.853.000;2.821.000;2.823.000;2.823.000;0;
21/08/2018;2.844.000;2.853.000;2.833.000;2.844.000;2.844.000;0;
22/08/2018;2.819.000;2.835.000;2.808.000;2.823.000;2.823.000;0;
23/08/2018;2.821.000;2.826.000;2.814.000;2.821.000;2.821.000;0;
24/08/2018;2.832.000;2.850.000;2.817.000;2.826.000;2.826.000;0;
27/08/2018;2.830.000;2.851.000;2.828.000;2.848.000;2.848.000;0;
28/08/2018;2.853.000;2.886.000;2.853.000;2.884.000;2.884.000;0;
29/08/2018;2.873.000;2.899.000;2.871.000;2.884.000;2.884.000;0;
30/08/2018;2.877.000;2.879.000;2.859.000;2.860.000;2.860.000;0;
31/08/2018;2.842.000;2.857.000;2.831.000;2.853.000;2.853.000;0;
4/09/2018;2.869.000;2.906.000;2.868.000;2.902.000;2.902.000;0;
5/09/2018;2.888.000;2.917.000;2.884.000;2.902.000;2.902.000;0;
6/09/2018;2.908.000;2.910.000;2.871.000;2.879.000;2.879.000;0;
7/09/2018;2.889.000;2.950.000;2.886.000;2.942.000;2.942.000;0;
10/09/2018;2.942.000;2.948.000;2.930.000;2.937.000;2.937.000;0;
11/09/2018;2.953.000;2.981.000;2.948.000;2.977.000;2.977.000;0;
12/09/2018;2.966.000;2.968.000;2.955.000;2.963.000;2.963.000;0;
13/09/2018;2.981.000;2.983.000;2.944.000;2.963.000;2.963.000;0;
14/09/2018;2.989.000;3.003.000;2.981.000;2.994.000;2.994.000;0;
17/09/2018;3.020.000;3.020.000;2.989.000;3.001.000;3.001.000;0;
18/09/2018;3.007.000;3.048.000;3.005.000;3.048.000;3.048.000;0;
19/09/2018;3.044.000;3.092.000;3.044.000;3.083.000;3.083.000;0;
20/09/2018;3.092.000;3.096.000;3.059.000;3.078.000;3.078.000;0;
21/09/2018;3.068.000;3.083.000;3.061.000;3.068.000;3.068.000;0;
24/09/2018;3.076.000;3.091.000;3.065.000;3.078.000;3.078.000;0;
25/09/2018;3.098.000;3.110.000;3.093.000;3.102.000;3.102.000;0;
26/09/2018;3.085.000;3.091.000;3.061.000;3.061.000;3.061.000;0;
27/09/2018;3.056.000;3.074.000;3.054.000;3.056.000;3.056.000;0;
28/09/2018;3.031.000;3.058.000;3.030.000;3.056.000;3.056.000;0;
1/10/2018;3.086.000;3.086.000;3.063.000;3.080.000;3.080.000;0;
2/10/2018;3.069.000;3.074.000;3.046.000;3.056.000;3.056.000;0;
3/10/2018;3.086.000;3.179.000;3.080.000;3.161.000;3.161.000;0;
4/10/2018;3.200.000;3.210.000;3.176.000;3.197.000;3.197.000;0;
5/10/2018;3.204.000;3.248.000;3.189.000;3.225.000;3.225.000;0;
8/10/2018;3.233.000;3.233.000;3.233.000;3.233.000;3.233.000;0;
9/10/2018;3.239.000;3.239.000;3.203.000;3.208.000;3.208.000;0;
10/10/2018;3.227.000;3.242.000;3.212.000;3.225.000;3.225.000;0;
11/10/2018;3.189.000;3.191.000;3.127.000;3.133.000;3.133.000;0;
12/10/2018;3.167.000;3.173.000;3.131.000;3.141.000;3.141.000;0;
15/10/2018;3.161.000;3.165.000;3.143.000;3.163.000;3.163.000;0;
16/10/2018;3.173.000;3.177.000;3.154.000;3.156.000;3.156.000;0;
17/10/2018;3.158.000;3.179.000;3.146.000;3.179.000;3.179.000;0;
18/10/2018;3.207.000;3.215.000;3.160.000;3.175.000;3.175.000;0;
19/10/2018;3.194.000;3.209.000;3.181.000;3.198.000;3.198.000;0;
22/10/2018;3.190.000;3.198.000;3.179.000;3.196.000;3.196.000;0;
23/10/2018;3.149.000;3.166.000;3.111.000;3.166.000;3.166.000;0;
24/10/2018;3.145.000;3.147.000;3.117.000;3.124.000;3.124.000;0;
25/10/2018;3.143.000;3.145.000;3.117.000;3.136.000;3.136.000;0;
26/10/2018;3.089.000;3.102.000;3.059.000;3.077.000;3.077.000;0;
29/10/2018;3.094.000;3.117.000;3.085.000;3.087.000;3.087.000;0;
30/10/2018;3.117.000;3.123.000;3.094.000;3.110.000;3.110.000;0;
31/10/2018;3.149.000;3.161.000;3.134.000;3.159.000;3.159.000;0;
1/11/2018;3.164.000;3.174.000;3.136.000;3.144.000;3.144.000;0;
2/11/2018;3.155.000;3.216.000;3.155.000;3.214.000;3.214.000;0;
5/11/2018;3.203.000;3.205.000;3.186.000;3.201.000;3.201.000;0;
6/11/2018;3.193.000;3.224.000;3.191.000;3.214.000;3.214.000;0;
7/11/2018;3.200.000;3.215.000;3.184.000;3.213.000;3.213.000;0;
8/11/2018;3.219.000;3.239.000;3.206.000;3.234.000;3.234.000;0;
9/11/2018;3.213.000;3.230.000;3.180.000;3.189.000;3.189.000;0;
12/11/2018;3.186.000;3.186.000;3.186.000;3.186.000;3.186.000;0;
13/11/2018;3.167.000;3.169.000;3.143.000;3.145.000;3.145.000;0;
14/11/2018;3.147.000;3.165.000;3.094.000;3.120.000;3.120.000;0;
15/11/2018;3.101.000;3.129.000;3.081.000;3.118.000;3.118.000;0;
16/11/2018;3.101.000;3.103.000;3.068.000;3.074.000;3.074.000;0;
19/11/2018;3.085.000;3.096.000;3.052.000;3.057.000;3.057.000;0;
20/11/2018;3.041.000;3.061.000;3.036.000;3.048.000;3.048.000;0;
21/11/2018;3.077.000;3.085.000;3.061.000;3.061.000;3.061.000;0;
23/11/2018;null;null;null;3.061.000;3.061.000;null;
26/11/2018;3.063.000;3.079.000;3.057.000;3.072.000;3.072.000;0;
27/11/2018;3.057.000;3.074.000;3.044.000;3.055.000;3.055.000;0;
28/11/2018;3.066.000;3.075.000;3.043.000;3.044.000;3.044.000;0;
29/11/2018;3.013.000;3.044.000;3.008.000;3.035.000;3.035.000;0;
30/11/2018;3.015.000;3.022.000;3.008.000;3.013.000;3.013.000;0;
3/12/2018;3.041.000;3.041.000;2.986.000;2.992.000;2.992.000;0;
4/12/2018;2.966.000;2.970.000;2.885.000;2.924.000;2.924.000;0;
6/12/2018;2.888.000;2.899.000;2.826.000;2.876.000;2.876.000;0;
7/12/2018;2.895.000;2.910.000;2.850.000;2.850.000;2.850.000;0;
10/12/2018;2.861.000;2.868.000;2.825.000;2.856.000;2.856.000;0;
11/12/2018;2.877.000;2.883.000;2.847.000;2.879.000;2.879.000;0;
12/12/2018;2.893.000;2.917.000;2.890.000;2.906.000;2.906.000;0;
13/12/2018;2.910.000;2.919.000;2.893.000;2.911.000;2.911.000;0;
14/12/2018;2.886.000;2.900.000;2.877.000;2.891.000;2.891.000;0;
17/12/2018;2.884.000;2.889.000;2.855.000;2.857.000;2.857.000;0;
18/12/2018;2.832.000;2.853.000;2.819.000;2.825.000;2.825.000;0;
19/12/2018;2.817.000;2.861.000;2.776.000;2.778.000;2.778.000;0;
20/12/2018;2.765.000;2.790.000;2.749.000;2.789.000;2.789.000;0;
21/12/2018;2.790.000;2.803.000;2.781.000;2.792.000;2.792.000;0;
24/12/2018;null;null;null;2.792.000;2.781.000;null;
26/12/2018;2.751.000;2.797.000;2.736.000;2.797.000;2.797.000;0;
27/12/2018;2.768.000;2.768.000;2.733.000;2.743.000;2.743.000;0;
28/12/2018;2.761.000;2.768.000;2.727.000;2.736.000;2.736.000;0;
31/12/2018;2.732.000;2.745.000;2.679.000;2.686.000;2.686.000;0;
2/01/2019;2.652.000;2.679.000;2.649.000;2.661.000;2.661.000;0;
3/01/2019;2.654.000;2.656.000;2.554.000;2.554.000;2.554.000;0;
4/01/2019;2.599.000;2.673.000;2.597.000;2.659.000;2.659.000;0;
7/01/2019;2.634.000;2.687.000;2.632.000;2.682.000;2.682.000;0;
8/01/2019;2.701.000;2.717.000;2.696.000;2.716.000;2.716.000;0;
9/01/2019;2.748.000;2.748.000;2.712.000;2.728.000;2.728.000;0;
10/01/2019;2.706.000;2.733.000;2.696.000;2.731.000;2.731.000;0;
11/01/2019;2.710.000;2.713.000;2.681.000;2.701.000;2.701.000;0;
14/01/2019;2.672.000;2.710.000;2.672.000;2.710.000;2.710.000;0;
15/01/2019;2.699.000;2.722.000;2.679.000;2.711.000;2.711.000;0;
16/01/2019;2.734.000;2.743.000;2.717.000;2.731.000;2.731.000;0;
17/01/2019;2.711.000;2.761.000;2.707.000;2.749.000;2.749.000;0;
18/01/2019;2.764.000;2.799.000;2.754.000;2.784.000;2.784.000;0;
22/01/2019;2.755.000;2.759.000;2.727.000;2.730.000;2.730.000;0;
23/01/2019;2.773.000;2.779.000;2.737.000;2.755.000;2.755.000;0;
24/01/2019;2.714.000;2.726.000;2.701.000;2.712.000;2.712.000;0;
25/01/2019;2.741.000;2.759.000;2.732.000;2.753.000;2.753.000;0;
28/01/2019;2.762.000;2.762.000;2.728.000;2.744.000;2.744.000;0;
29/01/2019;2.739.000;2.748.000;2.708.000;2.712.000;2.712.000;0;
30/01/2019;2.729.000;2.735.000;2.688.000;2.695.000;2.695.000;0;
31/01/2019;2.674.000;2.676.000;2.626.000;2.635.000;2.635.000;0;
1/02/2019;2.631.000;2.697.000;2.631.000;2.691.000;2.691.000;0;
4/02/2019;2.697.000;2.734.000;2.695.000;2.724.000;2.724.000;0;
5/02/2019;2.729.000;2.729.000;2.688.000;2.702.000;2.702.000;0;
6/02/2019;2.691.000;2.704.000;2.673.000;2.702.000;2.702.000;0;
7/02/2019;2.666.000;2.675.000;2.652.000;2.652.000;2.652.000;0;
8/02/2019;2.639.000;2.652.000;2.625.000;2.632.000;2.632.000;0;
11/02/2019;2.652.000;2.670.000;2.648.000;2.661.000;2.661.000;0;
12/02/2019;2.682.000;2.691.000;2.668.000;2.684.000;2.684.000;0;
13/02/2019;2.688.000;2.715.000;2.688.000;2.708.000;2.708.000;0;
14/02/2019;2.686.000;2.686.000;2.643.000;2.657.000;2.657.000;0;
15/02/2019;2.668.000;2.688.000;2.663.000;2.666.000;2.666.000;0;
19/02/2019;2.670.000;2.670.000;2.636.000;2.647.000;2.647.000;0;
20/02/2019;2.634.000;2.659.000;2.632.000;2.654.000;2.654.000;0;
21/02/2019;2.675.000;2.697.000;2.672.000;2.688.000;2.688.000;0;
22/02/2019;2.679.000;2.679.000;2.638.000;2.655.000;2.655.000;0;
25/02/2019;2.681.000;2.684.000;2.668.000;2.673.000;2.673.000;0;
26/02/2019;2.655.000;2.657.000;2.632.000;2.636.000;2.636.000;0;
27/02/2019;2.632.000;2.697.000;2.632.000;2.693.000;2.693.000;0;
28/02/2019;2.670.000;2.724.000;2.668.000;2.711.000;2.711.000;0;
1/03/2019;2.737.000;2.759.000;2.728.000;2.755.000;2.755.000;0;
4/03/2019;2.750.000;2.753.000;2.721.000;2.722.000;2.722.000;0;
5/03/2019;2.742.000;2.750.000;2.722.000;2.722.000;2.722.000;0;
6/03/2019;2.711.000;2.719.000;2.679.000;2.692.000;2.692.000;0;
7/03/2019;2.679.000;2.681.000;2.636.000;2.636.000;2.636.000;0;
8/03/2019;2.634.000;2.652.000;2.607.000;2.625.000;2.625.000;0;
11/03/2019;2.645.000;2.652.000;2.632.000;2.643.000;2.643.000;0;
12/03/2019;2.654.000;2.656.000;2.600.000;2.605.000;2.605.000;0;
13/03/2019;2.621.000;2.629.000;2.611.000;2.611.000;2.611.000;0;
14/03/2019;2.627.000;2.645.000;2.611.000;2.630.000;2.630.000;0;
15/03/2019;2.623.000;2.623.000;2.580.000;2.593.000;2.593.000;0;
18/03/2019;2.603.000;2.611.000;2.589.000;2.602.000;2.602.000;0;
19/03/2019;2.611.000;2.634.000;2.600.000;2.614.000;2.614.000;0;
20/03/2019;2.600.000;2.600.000;2.528.000;2.535.000;2.535.000;0;
21/03/2019;2.500.000;2.544.000;2.500.000;2.537.000;2.537.000;0;
22/03/2019;2.471.000;2.482.000;2.418.000;2.455.000;2.455.000;0;
25/03/2019;2.460.000;2.464.000;2.377.000;2.420.000;2.420.000;0;
26/03/2019;2.448.000;2.448.000;2.407.000;2.414.000;2.414.000;0;
27/03/2019;2.379.000;2.405.000;2.356.000;2.374.000;2.374.000;0;
28/03/2019;2.375.000;2.405.000;2.366.000;2.389.000;2.389.000;0;
29/03/2019;2.421.000;2.433.000;2.403.000;2.414.000;2.414.000;0;
1/04/2019;2.442.000;2.499.000;2.424.000;2.497.000;2.497.000;0;
2/04/2019;2.474.000;2.492.000;2.469.000;2.481.000;2.481.000;0;
3/04/2019;2.515.000;2.524.000;2.503.000;2.517.000;2.517.000;0;
4/04/2019;2.508.000;2.522.000;2.503.000;2.512.000;2.512.000;0;
5/04/2019;2.537.000;2.544.000;2.494.000;2.501.000;2.501.000;0;
8/04/2019;2.504.000;2.519.000;2.501.000;2.519.000;2.519.000;0;
9/04/2019;2.517.000;2.517.000;2.485.000;2.499.000;2.499.000;0;
10/04/2019;2.502.000;2.510.000;2.463.000;2.477.000;2.477.000;0;
11/04/2019;2.485.000;2.510.000;2.485.000;2.504.000;2.504.000;0;
12/04/2019;2.542.000;2.562.000;2.540.000;2.560.000;2.560.000;0;
15/04/2019;2.567.000;2.574.000;2.549.000;2.553.000;2.553.000;0;
16/04/2019;2.574.000;2.596.000;2.571.000;2.592.000;2.592.000;0;
17/04/2019;2.599.000;2.614.000;2.581.000;2.592.000;2.592.000;0;
18/04/2019;2.563.000;2.583.000;2.549.000;2.560.000;2.560.000;0;
22/04/2019;2.565.000;2.592.000;2.565.000;2.590.000;2.590.000;0;
23/04/2019;2.592.000;2.592.000;2.563.000;2.570.000;2.570.000;0;
24/04/2019;2.536.000;2.538.000;2.518.000;2.522.000;2.522.000;0;
25/04/2019;2.524.000;2.542.000;2.516.000;2.534.000;2.534.000;0;
26/04/2019;2.527.000;2.545.000;2.495.000;2.505.000;2.505.000;0;
29/04/2019;2.505.000;2.541.000;2.504.000;2.536.000;2.536.000;0;
30/04/2019;2.532.000;2.550.000;2.504.000;2.509.000;2.509.000;0;
1/05/2019;2.504.000;2.511.000;2.455.000;2.511.000;2.511.000;0;
2/05/2019;2.511.000;2.558.000;2.509.000;2.552.000;2.552.000;0;
3/05/2019;2.563.000;2.576.000;2.516.000;2.531.000;2.531.000;0;
6/05/2019;2.491.000;2.502.000;2.480.000;2.500.000;2.500.000;0;
7/05/2019;2.478.000;2.482.000;2.446.000;2.448.000;2.448.000;0;
8/05/2019;2.439.000;2.487.000;2.430.000;2.482.000;2.482.000;0;
9/05/2019;2.444.000;2.471.000;2.425.000;2.457.000;2.457.000;0;
10/05/2019;2.446.000;2.460.000;2.426.000;2.455.000;2.455.000;0;
13/05/2019;2.423.000;2.426.000;2.389.000;2.405.000;2.405.000;0;
14/05/2019;2.414.000;2.428.000;2.402.000;2.419.000;2.419.000;0;
15/05/2019;2.370.000;2.391.000;2.361.000;2.379.000;2.379.000;0;
16/05/2019;2.382.000;2.414.000;2.380.000;2.405.000;2.405.000;0;
17/05/2019;2.370.000;2.409.000;2.364.000;2.393.000;2.393.000;0;
20/05/2019;2.386.000;2.418.000;2.380.000;2.416.000;2.416.000;0;
21/05/2019;2.428.000;2.441.000;2.419.000;2.426.000;2.426.000;0;
22/05/2019;2.412.000;2.414.000;2.386.000;2.393.000;2.393.000;0;
23/05/2019;2.361.000;2.364.000;2.294.000;2.296.000;2.296.000;0;
24/05/2019;2.315.000;2.334.000;2.308.000;2.324.000;2.324.000;0;
28/05/2019;2.299.000;2.299.000;2.264.000;2.268.000;2.268.000;0;
29/05/2019;2.231.000;2.247.000;2.210.000;2.236.000;2.236.000;0;
30/05/2019;2.261.000;2.276.000;2.226.000;2.227.000;2.227.000;0;
31/05/2019;2.161.000;2.184.000;2.137.000;2.142.000;2.142.000;0;
3/06/2019;2.112.000;2.130.000;2.081.000;2.081.000;2.081.000;0;
4/06/2019;2.126.000;2.147.000;2.102.000;2.119.000;2.119.000;0;
5/06/2019;2.097.000;2.130.000;2.080.000;2.123.000;2.123.000;0;
6/06/2019;2.105.000;2.135.000;2.092.000;2.124.000;2.124.000;0;
7/06/2019;2.105.000;2.105.000;2.053.000;2.084.000;2.084.000;0;
10/06/2019;2.135.000;2.147.000;2.115.000;2.143.000;2.143.000;0;
11/06/2019;2.171.000;2.174.000;2.138.000;2.140.000;2.140.000;0;
12/06/2019;2.122.000;2.143.000;2.110.000;2.127.000;2.127.000;0;
13/06/2019;2.112.000;2.120.000;2.082.000;2.091.000;2.091.000;0;
14/06/2019;2.075.000;2.110.000;2.075.000;2.093.000;2.093.000;0;
17/06/2019;2.094.000;2.103.000;2.079.000;2.086.000;2.086.000;0;
18/06/2019;2.035.000;2.075.000;2.029.000;2.060.000;2.060.000;0;
19/06/2019;2.084.000;2.099.000;2.022.000;2.029.000;2.029.000;0;
20/06/2019;1.994.000;2.015.000;1.975.000;2.001.000;2.001.000;0;
21/06/2019;2.026.000;2.070.000;2.018.000;2.068.000;2.068.000;0;
24/06/2019;2.032.000;2.042.000;2.014.000;2.021.000;2.021.000;0;
25/06/2019;2.012.000;2.014.000;1.982.000;1.994.000;1.994.000;0;
26/06/2019;2.016.000;2.049.000;2.006.000;2.049.000;2.049.000;0;
27/06/2019;2.040.000;2.045.000;2.004.000;2.005.000;2.005.000;0;
28/06/2019;2.012.000;2.033.000;1.998.000;2.000.000;2.000.000;0;
1/07/2019;2.026.000;2.048.000;2.005.000;2.034.000;2.034.000;0;
2/07/2019;2.024.000;2.024.000;1.974.000;1.976.000;1.976.000;0;
3/07/2019;null;null;null;1.976.000;1.974.000;null;
5/07/2019;1.970.000;2.068.000;1.965.000;2.048.000;2.048.000;0;
8/07/2019;2.030.000;2.036.000;2.013.000;2.034.000;2.034.000;0;
9/07/2019;2.060.000;2.068.000;2.046.000;2.054.000;2.054.000;0;
10/07/2019;2.101.000;2.105.000;2.041.000;2.061.000;2.061.000;0;
11/07/2019;2.068.000;2.134.000;2.058.000;2.120.000;2.120.000;0;
12/07/2019;2.122.000;2.148.000;2.105.000;2.106.000;2.106.000;0;
15/07/2019;2.113.000;2.115.000;2.090.000;2.092.000;2.092.000;0;
16/07/2019;2.099.000;2.143.000;2.096.000;2.122.000;2.122.000;0;
17/07/2019;2.092.000;2.097.000;2.057.000;2.061.000;2.061.000;0;
18/07/2019;2.059.000;2.078.000;2.035.000;2.038.000;2.038.000;0;
19/07/2019;2.047.000;2.064.000;2.038.000;2.048.000;2.048.000;0;
22/07/2019;2.050.000;2.050.000;2.027.000;2.043.000;2.043.000;0;
23/07/2019;2.048.000;2.076.000;2.043.000;2.074.000;2.074.000;0;
24/07/2019;2.052.000;2.060.000;2.038.000;2.050.000;2.050.000;0;
25/07/2019;2.017.000;2.100.000;2.012.000;2.074.000;2.074.000;0;
26/07/2019;2.069.000;2.100.000;2.063.000;2.081.000;2.081.000;0;
29/07/2019;2.058.000;2.067.000;2.048.000;2.055.000;2.055.000;0;
30/07/2019;2.055.000;2.075.000;2.041.000;2.061.000;2.061.000;0;
31/07/2019;2.051.000;2.072.000;2.009.000;2.021.000;2.021.000;0;
1/08/2019;2.028.000;2.028.000;1.878.000;1.894.000;1.894.000;0;
2/08/2019;1.866.000;1.907.000;1.842.000;1.855.000;1.855.000;0;
5/08/2019;1.762.000;1.787.000;1.729.000;1.735.000;1.735.000;0;
6/08/2019;1.753.000;1.772.000;1.731.000;1.739.000;1.739.000;0;
7/08/2019;1.630.000;1.685.000;1.595.000;1.684.000;1.684.000;0;
8/08/2019;1.719.000;1.793.000;1.705.000;1.716.000;1.716.000;0;
9/08/2019;1.716.000;1.734.000;1.680.000;1.734.000;1.734.000;0;
12/08/2019;1.690.000;1.697.000;1.628.000;1.639.000;1.639.000;0;
13/08/2019;1.645.000;1.717.000;1.635.000;1.680.000;1.680.000;0;
14/08/2019;1.601.000;1.618.000;1.581.000;1.581.000;1.581.000;0;
15/08/2019;1.557.000;1.594.000;1.475.000;1.529.000;1.529.000;0;
16/08/2019;1.537.000;1.593.000;1.532.000;1.539.000;1.539.000;0;
19/08/2019;1.596.000;1.618.000;1.584.000;1.598.000;1.598.000;0;
20/08/2019;1.579.000;1.579.000;1.540.000;1.561.000;1.561.000;0;
21/08/2019;1.586.000;1.593.000;1.547.000;1.577.000;1.577.000;0;
22/08/2019;1.622.000;1.623.000;1.572.000;1.610.000;1.610.000;0;
23/08/2019;1.611.000;1.622.000;1.506.000;1.528.000;1.528.000;0;
26/08/2019;1.517.000;1.549.000;1.508.000;1.545.000;1.545.000;0;
27/08/2019;1.513.000;1.522.000;1.471.000;1.490.000;1.490.000;0;
28/08/2019;1.458.000;1.481.000;1.446.000;1.466.000;1.466.000;0;
29/08/2019;1.496.000;1.535.000;1.478.000;1.516.000;1.516.000;0;
30/08/2019;1.525.000;1.532.000;1.501.000;1.506.000;1.506.000;0;
3/09/2019;1.483.000;1.511.000;1.429.000;1.466.000;1.466.000;0;
4/09/2019;1.493.000;1.499.000;1.451.000;1.459.000;1.459.000;0;
5/09/2019;1.520.000;1.591.000;1.518.000;1.565.000;1.565.000;0;
6/09/2019;1.605.000;1.606.000;1.540.000;1.550.000;1.550.000;0;
9/09/2019;1.596.000;1.635.000;1.587.000;1.622.000;1.622.000;0;
10/09/2019;1.647.000;1.704.000;1.635.000;1.702.000;1.702.000;0;
11/09/2019;1.730.000;1.752.000;1.720.000;1.733.000;1.733.000;0;
12/09/2019;1.701.000;1.801.000;1.668.000;1.791.000;1.791.000;0;
13/09/2019;1.794.000;1.903.000;1.793.000;1.903.000;1.903.000;0;
16/09/2019;1.834.000;1.875.000;1.829.000;1.841.000;1.841.000;0;
17/09/2019;1.815.000;1.849.000;1.794.000;1.812.000;1.812.000;0;
18/09/2019;1.775.000;1.805.000;1.744.000;1.786.000;1.786.000;0;
19/09/2019;1.758.000;1.789.000;1.749.000;1.774.000;1.774.000;0;
20/09/2019;1.793.000;1.795.000;1.749.000;1.755.000;1.755.000;0;
23/09/2019;1.697.000;1.709.000;1.665.000;1.708.000;1.708.000;0;
24/09/2019;1.704.000;1.708.000;1.635.000;1.635.000;1.635.000;0;
25/09/2019;1.654.000;1.735.000;1.642.000;1.732.000;1.732.000;0;
26/09/2019;1.718.000;1.718.000;1.675.000;1.685.000;1.685.000;0;
27/09/2019;1.722.000;1.722.000;1.673.000;1.675.000;1.675.000;0;
30/09/2019;1.699.000;1.713.000;1.672.000;1.675.000;1.675.000;0;
1/10/2019;1.727.000;1.755.000;1.613.000;1.644.000;1.644.000;0;
2/10/2019;1.634.000;1.644.000;1.580.000;1.596.000;1.596.000;0;
3/10/2019;1.584.000;1.596.000;1.510.000;1.536.000;1.536.000;0;
4/10/2019;1.538.000;1.555.000;1.510.000;1.515.000;1.515.000;0;
7/10/2019;1.539.000;1.560.000;1.529.000;1.553.000;1.553.000;0;
8/10/2019;1.520.000;1.556.000;1.510.000;1.537.000;1.537.000;0;
9/10/2019;1.558.000;1.594.000;1.546.000;1.589.000;1.589.000;0;
10/10/2019;1.584.000;1.672.000;1.575.000;1.658.000;1.658.000;0;
11/10/2019;1.708.000;1.764.000;1.696.000;1.752.000;1.752.000;0;
14/10/2019;1.733.000;1.733.000;1.733.000;1.733.000;1.733.000;0;
15/10/2019;1.691.000;1.776.000;1.689.000;1.771.000;1.771.000;0;
16/10/2019;1.740.000;1.769.000;1.729.000;1.748.000;1.748.000;0;
17/10/2019;1.757.000;1.773.000;1.731.000;1.757.000;1.757.000;0;
18/10/2019;1.768.000;1.769.000;1.729.000;1.747.000;1.747.000;0;
21/10/2019;1.778.000;1.805.000;1.771.000;1.792.000;1.792.000;0;
22/10/2019;1.775.000;1.803.000;1.764.000;1.768.000;1.768.000;0;
23/10/2019;1.731.000;1.763.000;1.731.000;1.759.000;1.759.000;0;
24/10/2019;1.750.000;1.775.000;1.738.000;1.766.000;1.766.000;0;
25/10/2019;1.766.000;1.814.000;1.750.000;1.801.000;1.801.000;0;
28/10/2019;1.833.000;1.860.000;1.830.000;1.853.000;1.853.000;0;
29/10/2019;1.839.000;1.849.000;1.826.000;1.835.000;1.835.000;0;
30/10/2019;1.826.000;1.851.000;1.794.000;1.798.000;1.798.000;0;
31/10/2019;1.708.000;1.714.000;1.681.000;1.691.000;1.691.000;0;
1/11/2019;1.677.000;1.745.000;1.670.000;1.728.000;1.728.000;0;
4/11/2019;1.747.000;1.793.000;1.747.000;1.786.000;1.786.000;0;
5/11/2019;1.825.000;1.873.000;1.825.000;1.866.000;1.866.000;0;
6/11/2019;1.837.000;1.848.000;1.807.000;1.814.000;1.814.000;0;
7/11/2019;1.881.000;1.971.000;1.874.000;1.926.000;1.926.000;0;
8/11/2019;1.950.000;1.952.000;1.895.000;1.933.000;1.933.000;0;
11/11/2019;1.943.000;1.943.000;1.943.000;1.943.000;1.943.000;0;
12/11/2019;1.940.000;1.949.000;1.907.000;1.909.000;1.909.000;0;
13/11/2019;1.888.000;1.891.000;1.865.000;1.870.000;1.870.000;0;
14/11/2019;1.850.000;1.851.000;1.805.000;1.815.000;1.815.000;0;
15/11/2019;1.841.000;1.845.000;1.819.000;1.834.000;1.834.000;0;
18/11/2019;1.845.000;1.845.000;1.795.000;1.808.000;1.808.000;0;
19/11/2019;1.817.000;1.817.000;1.777.000;1.786.000;1.786.000;0;
20/11/2019;1.747.000;1.764.000;1.730.000;1.738.000;1.738.000;0;
21/11/2019;1.760.000;1.786.000;1.753.000;1.772.000;1.772.000;0;
22/11/2019;1.750.000;1.779.000;1.747.000;1.774.000;1.774.000;0;
25/11/2019;1.790.000;1.793.000;1.755.000;1.764.000;1.764.000;0;
26/11/2019;1.745.000;1.747.000;1.731.000;1.740.000;1.740.000;0;
27/11/2019;1.750.000;1.778.000;1.750.000;1.767.000;1.767.000;0;
29/11/2019;null;null;null;1.767.000;1.750.000;null;
2/12/2019;1.833.000;1.854.000;1.821.000;1.836.000;1.836.000;0;
3/12/2019;1.788.000;1.788.000;1.693.000;1.709.000;1.709.000;0;
4/12/2019;1.733.000;1.791.000;1.733.000;1.781.000;1.781.000;0;
5/12/2019;1.772.000;1.822.000;1.772.000;1.797.000;1.797.000;0;
6/12/2019;1.795.000;1.864.000;1.790.000;1.842.000;1.842.000;0;
9/12/2019;1.828.000;1.833.000;1.807.000;1.829.000;1.829.000;0;
10/12/2019;1.810.000;1.849.000;1.805.000;1.833.000;1.833.000;0;
11/12/2019;1.830.000;1.836.000;1.783.000;1.790.000;1.790.000;0;
12/12/2019;1.793.000;1.924.000;1.778.000;1.897.000;1.897.000;0;
13/12/2019;1.878.000;1.906.000;1.816.000;1.819.000;1.819.000;0;
16/12/2019;1.849.000;1.894.000;1.845.000;1.892.000;1.892.000;0;
17/12/2019;1.861.000;1.894.000;1.856.000;1.889.000;1.889.000;0;
18/12/2019;1.891.000;1.934.000;1.884.000;1.924.000;1.924.000;0;
19/12/2019;1.947.000;1.947.000;1.898.000;1.908.000;1.908.000;0;
20/12/2019;1.935.000;1.940.000;1.915.000;1.917.000;1.917.000;0;
23/12/2019;1.912.000;1.940.000;1.898.000;1.935.000;1.935.000;0;
24/12/2019;null;null;null;1.935.000;1.915.000;null;
26/12/2019;1.912.000;1.921.000;1.896.000;1.905.000;1.905.000;0;
27/12/2019;1.893.000;1.893.000;1.870.000;1.874.000;1.874.000;0;
30/12/2019;1.923.000;1.940.000;1.895.000;1.895.000;1.895.000;0;
31/12/2019;1.898.000;1.930.000;1.895.000;1.919.000;1.919.000;0;
